Région,Nom,Type,QualitéSentier,Difficulté,Distance,Durée,Dénivelé
"Cilaos","Deux boucles de Bras Sec à Palmiste Rouge","","Excellent","Moyen","12.2 km","5h","850 m"
"Cilaos","Le Sentier des Sources entre Cilaos et Bras Sec","","Excellent","Facile","4.8 km","1h15","280 m"
"Cilaos","Le sommet du Piton Béthoune par le tour du Bonnet de Prêtre","","Faible","Très difficile","5.7 km","4h","650 m"
"Cilaos","Le Dimitile depuis Bras Sec par le Kerveguen","","Excellent","Difficile","24.5 km","10h","1550 m"
"Cilaos","De la Mare à Joncs à Cilaos par le Kerveguen et le Gîte de la Caverne Dufour","","Excellent","Difficile","16.5 km","7h","1420 m"
"Cilaos","Une boucle par l'Îlet et la Ravine des Fleurs Jaunes","","Moyen","Très difficile","6.4 km","7h","620 m"
"Cilaos","De la route de l’Ilet à Cordes à l’Îlet Fleurs Jaunes","","Bon","Difficile","3.2 km","3h","450 m"
"Cilaos","La montée à l'Îlet Sources depuis l'Îlet à Cordes","","Faible","Difficile","5.7 km","5h30","450 m"
"Cilaos","Le tour des Îlets du Bras de Saint-Paul depuis l'Îlet à Cordes","","Moyen","Moyen","6.9 km","3h","450 m"
"Cilaos","De l'Îlet Totor au Bras Crochet par la Forêt du Tapcal","","Faible","Très difficile","7.7 km","8h","850 m"
"Cilaos","La grande cascade du Bras Rouge depuis le pont sur la RD242","","Excellent","Moyen","1.5 km","1h30","240 m"
"Cilaos","La montée à la Cascade Pitsa (ou Pissa) depuis la route de l'Îlet à Cordes","","Moyen","Difficile","1.5 km","2h","300 m"
"Cilaos","De Cilaos au Col des Bœufs par le Taïbit et La Nouvelle","","Excellent","Difficile","22 km","8h30","1500 m"
"Cilaos","De la Roche Merveilleuse au Plateau du Petit Matarum par le Bras de Benjoin","","Moyen","Très difficile","5.6 km","6h","750 m"
"Cilaos","La boucle de la Roche Merveilleuse depuis l'hôtel des Thermes de Cilaos.","","Bon","Facile","5.8 km","1h30","360 m"
"Cilaos","De Cilaos aux cascades des Anciens Thermes","","Bon","Très facile","3.8 km","1h30","190 m"
"Cilaos","La remontée du Bras des Etangs par la Cascade l'Eau Chaude","","Moyen","Très difficile","6 km","5h30","600 m"
"Cilaos","La boucle des Thermes de Cilaos par le GR et le Bras des Etangs","","Moyen","Difficile","5 km","4h30","300 m"
"Cilaos","La remontée du Bras Rouge à partir de Cilaos","","Moyen","Difficile","12 km","6h30","570 m"
"Cilaos","De Cilaos à la Ravine Fleurs Jaunes par la Cascade du Bras Rouge","","Bon","Difficile","6.2 km","3h30","430 m"
"Cilaos","Le Sentier de la Chapelle depuis Cilaos","","Excellent","Difficile","8 km","5h","700 m"
"Cilaos","De Cilaos à l'Îlet Furcy par le Bras Rouge et le Grand Bras de Cilaos","","Moyen","Très difficile","21.1 km","10h30","250 m"
"Cilaos","Une boucle à Cilaos par Bras Sec et la RF de la Roche Merveilleuse","","Excellent","Moyen","16.4 km","5h","700 m"
"Cilaos","De la Plate Forme à l'Îlet du Cap Noir par la Roche Pendue et Trois Bras","","Moyen","Très difficile","7.2 km","3h30","420 m"
"Cilaos","De Cilaos à la Nouvelle par le Taïbit et Marla - GRR1 étape1/3","","Excellent","Difficile","16.6 km","8h30","1350 m"
"Cilaos","Du Brûlé Marron à Cilaos par la Roche Pendue et la remontée du Bras Rouge","","Moyen","Difficile","17.3 km","7h30","850 m"
"Cilaos","De Cilaos au cœur du Piton des Neiges par le Bassin Bleu et la Tête de Lion","","Moyen","Très difficile","8.5 km","8h30","1250 m"
"Cilaos","La boucle de Cilaos à la Cascade des Fleurs Jaunes par le Bassin Roche","","Moyen","Très difficile","13 km","6h30","1150 m"
"Cilaos","De Cilaos à l'Îlet à Cordes par la Chapelle et la descente du Bras Rouge","","Moyen","Très difficile","14 km","6h30","1100 m"
"Cilaos","Le Point de vue sur les Îlets du Camp de Puces et la Cascade du Cap Noir par la Plate Forme","","Moyen","Difficile","6 km","3h15","520 m"
"Cilaos","De l'église de Cilaos au Pavillon par Palmiste Rouge et l'Îlet Haute","","Bon","Difficile","17.4 km","6h30","700 m"
"Cilaos","De la Mare à Joncs à la maison forestière de Bras Sec","","Excellent","Facile","3 km","1h","250 m"
"Cilaos","La descente à la Chapelle par la Cascade de Bras Rouge depuis  la Route de l'Îlet à Cordes","","Faible","Très difficile","6.5 km","3h30","410 m"
"Cilaos","De Cilaos au Maïdo par le Taïbit et les cascades de Bras Rouge et 3 Roches","","Excellent","Très difficile","25.5 km","9h30","2450 m"
"Cilaos","De la Plate Forme à la 1ère cascade de la Ravine de la Roche Pendue","","Faible","Très difficile","4.3 km","3h15","400 m"
"Cilaos","La boucle du sentier de découverte de Cilaos à la Roche Merveilleuse","","Excellent","Très facile","1.4 km","1h","55 m"
"Cilaos","La Boucle et la Cascade du Bras Rouge depuis Cilaos","","Excellent","Difficile","14.3 km","5h30","900 m"
"Cilaos","Du Pavillon à Cilaos par les Sentiers Burel, du Reposoir et de la Chapelle","","Moyen","Difficile","13.3 km","7h","1200 m"
"Cilaos","Le Bras de Saint-Paul par le Sentier Burel et l'Îlet Bois de Nèfles","","Bon","Difficile","12.4 km","8h30","360 m"
"Cilaos","De Peter Both au Pavillon par l'Îlet Haute","","Moyen","Facile","5.6 km","2h","350 m"
"Cilaos","Du Pavillon à l'Îlet Haute par le Petit Bras de Cilaos et la Ravine Clain","","Bon","Difficile","9.3 km","6h30","650 m"
"Cilaos","De la route de Cilaos à l'Ilet à Malheur","","Danger","Difficile","2.2 km","2h30","380 m"
"Cilaos","Du Pavillon à Cilaos par l'Ilet Haute et Peter Both","","Faible","Difficile","13 km","5h30","1400 m"
"Cilaos","Le tour du Cirque de Cilaos : Le Pavillon - Ilet à Cordes - Cilaos - Le Pavillon","","Faible","Très difficile","26 km","10h","2900 m"
"Cilaos","Une boucle à Palmiste Rouge par le Petit Bras de Cilaos et la Ravine des Calumets","","Faible","Difficile","3.9 km","2h30","250 m"
"Cilaos","De Palmiste Rouge au Piton Papangues par le haut du tunnel de Peter Both","","Bon","Difficile","9 km","4h30","580 m"
"Cilaos","Le tour du Grand Piton par l'Îlet et le sentier de Gueule Rouge","","Excellent","Moyen","8.1 km","3h30","640 m"
"Cilaos","De Palmiste Rouge au sommet du Piton Gros Galet","","Bon","Difficile","7.5 km","3h30","750 m"
"Cilaos","La montée au Grand Piton à partir du sentier des Gaulettes","","Moyen","Très difficile","4.2 km","3h","480 m"
"Cilaos","La boucle de Palmiste Rouge à Bras Sec par la verticale du Rempart des Calumets","","Moyen","Très difficile","17.8 km","10h","1700 m"
"Cilaos","Une visite à l'Îlet Tommy en aller-retour","","Excellent","Facile","3 km","1h","180 m"
"Cilaos","Le Tour de Palmiste Rouge par le Piton Gros Galets et l'Îlet à Calebasse","","Excellent","Moyen","10.8 km","4h","750 m"
"Cilaos","La montée au Piton des Neiges depuis le Bloc à Cilaos","","Excellent","Difficile","15.5 km","8h30","1730 m"
"Mafate","Du Maïdo au Maïdo par l'Îlet et le Rempart des Orangers","","Danger","Très difficile","12.6 km","8h30","1300 m"
"Mafate","L'Îlet des Lataniers depuis le Maïdo et retour","","Bon","Difficile","25.5 km","9h30","1800 m"
"Mafate","D'Aurère à Dos d'Ane par le Bras des Merles","","Moyen","Très difficile","10.2 km","8h","740 m"
"Mafate","La montée au Piton des Calumets depuis l'école de Grand Place","","Danger","Très difficile","9.5 km","6h30","1050 m"
"Mafate","Une boucle autour de La Nouvelle par le Sentier du Tour de l'Îlet","","Excellent","Facile","2.2 km","45 min","60 m"
"Mafate","De Deux Bras aux cascades de la Roche Ancrée par Cayenne et les Lataniers","","Excellent","Difficile","19.2 km","8h30","850 m"
"Mafate","Aurère, le Bras Bémale et le Bassin La Noix depuis Deux Bras","","Excellent","Difficile","14.7 km","7h","1250 m"
"Mafate","La remontée du Bras d'Oussy depuis Deux Bras","","Moyen","Très difficile","11.3 km","9h","620 m"
"Mafate","De Deux Bras à l'Îlet Moutou par la passerelle du Bras d'Oussy","","Bon","Difficile","16.5 km","7h30","980 m"
"Mafate","De Dos d'Ane à Aurère par Deux Bras et Bord Bazar","","Excellent","Difficile","11.5 km","4h30","750 m"
"Mafate","De Dos d'Ane à l'Îlet à Patates le long du Bras de Sainte-Suzanne","","Moyen","Très difficile","22.8 km","11h","1400 m"
"Mafate","De Dos d'Ane au Piton Cabris par la Crête d'Aurère","","Moyen","Très difficile","16.4 km","12h","1850 m"
"Mafate","Dos d'Ane à Cayenne par Deux Bras et retour par la Passerelle du Bras d'Oussy","","Excellent","Difficile","23 km","8h30","1450 m"
"Salazie","Le captage sur la Ravine José Lebeau par Mare d'Affouche et Trou Blanc","","Moyen","Difficile","7.3 km","5h30","650 m"
"Salazie","De Hell Bourg au Bras de Caverne par l'ancien sentier de la Fenêtre","","Danger","Très difficile","7.2 km","6h","650 m"
"Salazie","De l'Îlet à Vidot au sommet du Piton Tambour","","Faible","Très difficile","4.1 km","6h30","500 m"
"Salazie","Le Piton d'Anchain par l'Îlet à Vidot depuis Hell Bourg","","Excellent","Difficile","14 km","5h30","1000 m"
"Salazie","Le tour des trois pitons au cœur du Cirque de Salazie","","Bon","Difficile","16.5 km","7h","1420 m"
"Salazie","Le tour du Piton Lélesse par Grand Sable depuis Bras Marron","","Bon","Difficile","12.5 km","5h","900 m"
"Salazie","Le tour du Piton de la Mare d'Affouches","","Bon","Moyen","8.7 km","3h15","600 m"
"Salazie","De Hell Bourg à Cilaos par le Gîte de la Caverne Dufour - GRR1 étape 3/3","","Excellent","Très difficile","20.5 km","9h30","1850 m"
"Salazie","Deux boucles à la Mare à Poule d'Eau près de Salazie","","Excellent","Très facile","3.6 km","1h","120 m"
"Salazie","La montée au Piton des Neiges depuis Hell-Bourg","","Excellent","Difficile","18 km","7h","2350 m"
"Salazie","Le tour du Piton d'Anchain par la Rivière du Mât","","Bon","Difficile","12.8 km","6h30","850 m"
"Salazie","L'Îlet Bémassoune par la Rivière des Fleurs Jaunes","","Moyen","Difficile","9.3 km","6h30","330 m"
"Salazie","Le tour du Piton Maillot depuis la Mare à Vieille Place","","Excellent","Moyen","8 km","3h30","600 m"
"Salazie","La canalisation de la Ravine des Fleurs Jaunes depuis le Bélier","","Bon","Difficile","8.7 km","4h","750 m"
"Salazie","Le sentier du point de vue du Piton Marmite","","Excellent","Facile","0.8 km","30 min","70 m"
"Salazie","La Rivière des Fleurs Jaunes entre la Ravine Roche à Jacquot et la Ravine Sèche","","Moyen","Très difficile","10.5 km","7h","750 m"
"Salazie","La boucle Fartlek à Grand Îlet","","Excellent","Très facile","1.4 km","30 min","80 m"
"Salazie","De Grand Îlet à Deux Bras par la descente du Bras de Sainte-Suzanne","","Moyen","Très difficile","13.2 km","10h","610 m"
"Salazie","Le Piton Bé Massoune depuis la Mare à Martin","","Bon","Difficile","19 km","6h30","1200 m"
"Salazie","De Bois de Pomme à l'Îlet Micot par le confluent de la Rivière des Fleurs Jaunes","","Moyen","Difficile","4.3 km","4h","350 m"
"Salazie","De Salazie à l'Ilet Fleurs Jaunes par Bois de Pomme","","Excellent","Facile","5.7 km","1h30","350 m"
"Salazie","La remontée du Voile de la Mariée depuis l'Îlet Bananiers","","Moyen","Difficile","3.7 km","3h30","480 m"
"Salazie","La descente du Bras de Caverne de Plateau Wickers à la Cascade Blanche","","Moyen","Très difficile","11 km","6h30","580 m"
"Salazie","Le sentier du Bras de Caverne à Salazie vers le Trou de Fer","","Moyen","Très difficile","5.3 km","6h","800 m"
"Salazie","De la Cayenne à l'Îlet Eperon, retour (sportif en option) par l'Îlet Bananiers","","Faible","Moyen","3.2 km","1h30","280 m"
"Salazie","Le tour du Piton Maillot par la Mare à Citrons et la Cascade des Demoiselles","","Moyen","Difficile","12.2 km","6h","720 m"
"Est","Les cascades de la Grande Ravine de l'Eden depuis Libéria","","Moyen","Difficile","17.5 km","7h","600 m"
"Est","De la Ligne Bambou à l'Eden par le Bras Pauline","","Faible","Très difficile","7.1 km","5h30","320 m"
"Est","De l'Eden au Grand Rein par La Ligne des Bambous","","Moyen","Difficile","4.6 km","4h","300 m"
"Est","Quelques cascades du Bras Piton et du Bras des Lianes depuis l'Eden","","Moyen","Très difficile","8.4 km","6h30","400 m"
"Est","Les cascades de la Ravine de Terre Rouge à Bellevue les Hauts","","Moyen","Difficile","1.6 km","1h45","170 m"
"Est","La boucle de la Caroline par le site de l'Eden","","Excellent","Moyen","17.7 km","6h","800 m"
"Est","Du Bassin la Paix à Camp Michel par les berges de la Rivière des Roches","","Moyen","Très difficile","9.2 km","5h","420 m"
"Est","La boucle du Sentier de l'Eden depuis la Cascade du Chien","","Bon","Moyen","9.5 km","2h30","200 m"
"Est","La dernière cascade du Bras Sec depuis la Route de Takamaka","","Bon","Très difficile","4.2 km","3h30","520 m"
"Est","Une boucle de la Cascade du Chien à l'Eden par le sentier de Terre Rouge","","Excellent","Moyen","10 km","3h","420 m"
"Est","De l'Eden vers la Ravine Blanche par le Pic des Lianes","","Moyen","Très difficile","9.6 km","5h","600 m"
"Est","La Cascade de la Grande Ravine à l'ancienne Cité du P.K. 12","","Excellent","Très facile","0.8 km","30 min","40 m"
"Est","Le Trail de Saint-André par la boucle du Dioré","","Excellent","Moyen","21.5 km","7h","800 m"
"Est","La boucle de la Tropica Dingue au Parc du Colosse","","Excellent","Très facile","6 km","2h","30 m"
"Est","De l'Escalier à la Rivière du Mât les Hauts par le lit de la rivière","","Bon","Moyen","10.2 km","5h30","40 m"
"Est","De Paniandy au Chemin Carreau Morin par la Ravine Terre Rouge","","Moyen","Difficile","9.5 km","5h30","320 m"
"Est","La remontée du Bras des Lianes à partir de Bellevue les Hauts","","Moyen","Très difficile","7.7 km","6h","380 m"
"Est","Le Parc du Colosse pour personnes à mobilité réduite","","Excellent","Facile","2.5 km","1h30","8 m"
"Est","Le tour de la Rivière du Mât les Bas par la Route Coloniale et le sentier des berges","","Excellent","Facile","11.5 km","2h30","90 m"
"Est","De la Rivière du Mât au Bassin de la Mer","","Excellent","Facile","4.7 km","1h30","80 m"
"Est","De l'Eden au Coteau Monique par la Forêt des Lianes","","Faible","Difficile","14.2 km","7h","1200 m"
"Est","De Champ Borne à Saint-Benoit par le littoral et les 3 rivières","","Excellent","Très facile","10 km","3h30","30 m"
"Est","L'ascension du Piton Bleu de la Plaine des Cafres par le Piton Lepervanche","","Faible","Très difficile","8.3 km","5h30","400 m"
"Est","Une boucle par le Piton de la Source et Notre Dame des Fougères","","Moyen","Très difficile","3.6 km","3h30","240 m"
"Est","Le tour de la Plaine des Cafres par le Col de Bébour et Duvernay","","Bon","Difficile","17.2 km","6h","700 m"
"Est","Le tour et la montée au Piton Darid à Bourg Murat","","Excellent","Très facile","1.1 km","30 min","50 m"
"Est","Le tour de la Mare à Boue par le Piton Doré et Lepervanche","","Excellent","Facile","6.5 km","2h","190 m"
"Est","Point de vue du Nez de Bœuf par la piste pour personnes à mobilité réduite","","Excellent","Très facile","0.8 km","30 min","10 m"
"Est","La boucle de la Source Reilhac au Piton Bory de Saint-Vincent","","Excellent","Très facile","1.1 km","30 min","35 m"
"Est","De Bourg Murat au Gîte de Bélouve par le Col de Bellevue  et la Plaine des Marsouins","","Bon","Moyen","19 km","8h","350 m"
"Est","De Bourg Murat au Gite du Pas de Bellecombe par le GR","","Bon","Difficile","16.3 km","5h30","950 m"
"Est","La boucle du Piton Rouge au Lac Argamasse depuis la RN3","","Bon","Moyen","16.5 km","5h30","580 m"
"Est","De Bourg-Murat au pied du Piton des Neiges","","Bon","Difficile","16.5 km","6h30","1150 m"
"Est","Le Barrage et le Bassin Gingembre depuis le belvédère de l'usine","","Excellent","Moyen","4.9 km","2h30","480 m"
"Est","Les cascades du Bras de Zayonne depuis l'Eden et le Bras des Lianes","","Moyen","Difficile","8 km","7h","300 m"
"Est","De la Rivière des Marsouins à celle des Roches par Bethléem et le Bassin la Paix","","Excellent","Moyen","11.5 km","5h","350 m"
"Est","L'exploration de l'Îlet du Milieu à partir de la RF de Takamaka","","Moyen","Moyen","3.2 km","3h30","200 m"
"Est","Le captage du Grand Bras et de la Ravine des Congres depuis l'Abondance","","Bon","Moyen","9.2 km","3h30","140 m"
"Est","Une balade historique le long du canal de l'Harmonie depuis Abondance","","Moyen","Moyen","6.8 km","4h","100 m"
"Est","La plus grande marmite de géant de La Réunion à Chemin de Ceinture","","Moyen","Très difficile","0.8 km","1h","40 m"
"Est","Du circuit des Ravenales à la source de la Ravine Batardeau","","Moyen","Très difficile","9 km","9h","650 m"
"Est","Une courte remontée de la Rivière des Marsouins à l'Ilet Coco","","Moyen","Facile","7.5 km","2h30","80 m"
"Est","Le sentier Sainte-Marguerite au Chemin de Ceinture","","Bon","Facile","6 km","2h15","270 m"
"Est","Le circuit des Ravenales au Chemin de Ceinture","","Excellent","Facile","3 km","1h","180 m"
"Est","La boucle de l'Îlet Bethléem depuis l'Abondance","","Excellent","Facile","4.2 km","1h","190 m"
"Est","Le sentier et les cascades de Takamaka depuis l'usine hydroélectrique","","Bon","Difficile","20.5 km","7h","1200 m"
"Est","Le Bassin La Paix et Bassin La Mer depuis Abondance","","Excellent","Facile","7.5 km","2h","150 m"
"Est","Le Barrage de Bras Patience depuis la centrale électrique de Takamaka","","Bon","Facile","2.5 km","1h15","220 m"
"Est","Le tour de la Forêt de Bois Blanc","","Moyen","Difficile","12.6 km","5h","520 m"
"Est","De l'église de Sainte-Rose à Notre Dame des Laves par le littoral","","Excellent","Facile","10 km","3h30","110 m"
"Est","Du Piton Balmann au Piton Sinific","","Faible","Difficile","4.9 km","3h","360 m"
"Est","La Forêt Mourouvin en rive droite de la Rivière de l'Est depuis les Radiers","","Moyen","Difficile","6.6 km","4h","680 m"
"Est","Le parcours de l'Anse des Cascades pour personnes à mobilité réduite","","Excellent","Facile","1.4 km","1h","10 m"
"Est","Les 10 arches du Quai de l'Eglise à Notre Dame des Laves","","Bon","Moyen","11.8 km","5h","200 m"
"Est","Deux boucles de Bois Blanc à l'Anse des Cascades par le Gros Piton","","Bon","Moyen","10.4 km","2h30","250 m"
"Est","De la Forêt de Bois Blanc à la Pointe Corail par le littoral","","Bon","Moyen","14.3 km","5h30","250 m"
"Est","Le tour du Piton Galets depuis la route des Radiers","","Excellent","Facile","5.3 km","1h30","260 m"
"Est","La remontée de la coulée de 1977 depuis le Chemin Touzet","","Moyen","Très difficile","7.8 km","5h","700 m"
"Est","La remontée de la Rivière de l'Est jusqu'à la 1ère cascade","","Moyen","Très difficile","23.1 km","9h","600 m"
"Est","Le sentier d'Interprétation de Bois Blanc et celui de la Coulée de 1977","","Faible","Moyen","6 km","2h","200 m"
"Est","De Bois Blanc au Piton Nelson par la RF18 et la Ravine de Bois Blanc","","Bon","Difficile","10.4 km","4h30","600 m"
"Est","De l'Îlet Leroux au point de vue sur le Trou de Sable par le Sentier de la Cage aux Lions","","Moyen","Difficile","10.5 km","6h","830 m"
"Est","Une boucle au Piton Sainte-Rose par le Chemin Touzet et la Coulée de 1977","","Excellent","Moyen","18.4 km","5h","580 m"
"Est","Le tour du Piton Indivis par le littoral et le Chemin Indivis","","Excellent","Moyen","10.5 km","3h15","370 m"
"Est","De la Rivière de l'Est à Saint-Benoît par le Sentier Littoral Est","","Bon","Moyen","16.2 km","5h15","50 m"
"Est","Du Pas des Sables au Piton de l'Eau par l'Oratoire Sainte-Thérèse","","Excellent","Difficile","20.1 km","7h","750 m"
"Est","Le Piton de l'Eau depuis le Textor par la piste et retour par le sentier","","Excellent","Moyen","16.8 km","5h","510 m"
"Est","Le Piton de l'Eau depuis le Textor par l'Oratoire Ste-Thérèse et le Rempart de la Rivière de l'est","","Bon","Moyen","17 km","5h30","750 m"
"Est","Du sentier de la Rivière au Piton Bébour par le Bras Chansons","","Moyen","Difficile","5.9 km","4h","150 m"
"Est","De la Plaine des Palmistes à Bourg Murat par le Piton Textor","","Excellent","Difficile","18.8 km","7h","1000 m"
"Est","De la Ravine Sèche au Grand Bras Piton par l'Ancienne Nationale","","Moyen","Difficile","7.2 km","5h","160 m"
"Est","Le tour de La Plaine des Palmistes au plus près de la Ronde des Goyaviers","","Excellent","Moyen","18.3 km","5h30","420 m"
"Est","Une courte boucle par le cratère du Piton Doré","","Bon","Facile","2.7 km","1h15","230 m"
"Est","Le grand tour du Piton Textor au Piton de l'Eau depuis la Plaine des Palmistes","","Bon","Très difficile","24.3 km","9h","1100 m"
"Est","Le Piton des Cabris par la Route Omega et le Sentier Ligne 500","","Excellent","Difficile","13.1 km","5h","900 m"
"Est","Le Piton de l'Eau par le Piton des Cabris depuis la Plaine des Palmistes","","Bon","Difficile","16.6 km","7h30","1000 m"
"Est","Du Piton Doré au Piton Textor","","Bon","Moyen","10.3 km","4h30","940 m"
"Est","Deux courtes boucles au Bassin Cadet","","Bon","Facile","2.5 km","1h","45 m"
"Est","La Cascade Biberon depuis la Plaine des Palmistes","","Excellent","Très facile","1.8 km","1h","130 m"
"Est","Le tour du Piton des Songes au Bras des Calumets","","Excellent","Facile","3.3 km","1h15","220 m"
"Est","La boucle du sentier de la Petite Plaine","","Bon","Très facile","3.1 km","1h","40 m"
"Est","Le point de vue sur l'usine de Takamaka par la montée à la Fenêtre de Grand Etang","","Faible","Très difficile","6.4 km","4h","360 m"
"Est","Le tour des Bassins du Bras Noir à la Petite Plaine","","Bon","Difficile","3.7 km","3h15","350 m"
"Est","La montée au Gros Piton Rond depuis la Route des Plaines","","Excellent","Très facile","1 km","30 min","45 m"
"Est","Le tour de Grand Etang et les cascades du Bras d'Annette","","Excellent","Très facile","7.8 km","2h","80 m"
"Est","Le captage du Bras Magasin depuis la Plaine des Palmistes","","Bon","Difficile","8.9 km","5h","650 m"
"Est","Deux escapades entre lacs et cassés dans la forêt de Bébour","","Bon","Moyen","5.2 km","3h15","90 m"
"Est","Vers les Sources de Bras Cabot depuis la Plaine des Palmistes","","Faible","Difficile","12 km","4h15","550 m"
"Est","Le Sentier Botanique de la Petite Plaine","","Excellent","Facile","2.5 km","1h","120 m"
"Est","Le point de vue sur Grand Etang depuis la RN3","","Faible","Difficile","5.5 km","3h","350 m"
"Est","Une escapade en Forêt de Bébour vers le Bras Chansons à partir de la RF22","","Faible","Très difficile","6.7 km","6h","300 m"
"Est","Le tour du Piton des Trois Mares par le Plateau de Thym et le sentier des Mares","","Moyen","Très difficile","5.6 km","5h","230 m"
"Est","Le long du Bras Patience à partir du téléphérique de Takamaka","","Moyen","Très difficile","10.4 km","7h","350 m"
"Est","De Bébour à la Rivière des Marsouins par le rempart en rive gauche","","Bon","Très difficile","7.3 km","4h15","550 m"
"Est","De la Grotte des Hirondelles au téléphérique de Takamaka","","Bon","Moyen","9.9 km","3h15","280 m"
"Est","Le petit sentier de la mare du Plateau de Thym","","Excellent","Très facile","1.5 km","30 min","35 m"
"Est","Le Sentier Botanique de Bébour au Sentier de Bras Cabot","","Excellent","Très facile","1.5 km","45 min","12 m"
"Est","Le tour du Piton Bébour","","Excellent","Facile","2.9 km","1h","120 m"
"Est","La traversée de la Plaine des Marsouins par les Sentiers de la Rivière, des Mares et Bois de Couleur","","Bon","Moyen","13.2 km","5h30","450 m"
"Est","La grande boucle du Trou de Fer par le sentier de la Vierge","","Bon","Moyen","14.6 km","4h","450 m"
"Est","Du Col de Bébour au Gîte de la Caverne Dufour par le Bras Chansons","","Excellent","Difficile","24 km","9h","1400 m"
"Est","Le Mini Trou de Fer et la cascade de la Rivière des Marsouins depuis Bébour","","Danger","Très difficile","5.8 km","6h","400 m"
"Est","Le premier point de vue sur le Trou de Fer depuis le Gîte de Belouve","","Bon","Facile","10 km","2h30","300 m"
"Est","Les trois points de vue sur le Trou de Fer par le Sentier de l'Ecole Normale","","Faible","Très difficile","16.8 km","8h30","660 m"
"Est","Du Gîte de Bélouve au Trou de Fer, circuit facile par les pistes","","Excellent","Moyen","9.3 km","2h45","230 m"
"Est","Le parcours de Bélouve pour personnes à mobilité réduite ou malvoyants","","Moyen","Facile","0.3 km","45 min","1 m"
"Est","La Forêt des Lianes et Cascade du Chien depuis le Gîte de Bélouve","","Moyen","Très difficile","26 km","12h","1450 m"
"Est","La Source et le barrage du Bras Cabot depuis la Forêt de Bébour","","Faible","Très difficile","10.4 km","7h30","720 m"
"Est","Le Cassé de Takamaka et le Bassin des Hirondelles depuis Bébour","","Moyen","Moyen","8.5 km","3h","310 m"
"Est","La Cascade du Bras de Caverne et son point de vue sur le Trou de Fer  depuis Bélouve","","Faible","Difficile","12.4 km","5h","400 m"
"Est","De Bébour au barrage de Takamaka par l'Îlet à Bananes","","Moyen","Difficile","11 km","5h15","700 m"
"Nord","De Grand Coin au Piton de la Ravine à Marquet par le Piton Bâtard","","Moyen","Difficile","6.4 km","4h30","450 m"
"Nord","La boucle du Piton de Sucre à Dos d'Ane","","Excellent","Facile","3.3 km","1h30","230 m"
"Nord","Le Cap Noir et Roche Verre Bouteille depuis Dos d'Ane","","Excellent","Moyen","3 km","1h30","320 m"
"Nord","Le grand tour de la Plaine d'Affouches depuis Dos d'Ane","","Excellent","Difficile","18.1 km","7h","1250 m"
"Nord","Une boucle à Dos d'Ane par le sentier du Piton Batard et la Roche Verre Bouteille","","Moyen","Moyen","6.2 km","2h45","460 m"
"Nord","Du Kiosque d'Affouches au Cap Noir par le Piton Batard et le Piton Fougères","","Excellent","Moyen","8.3 km","3h15","620 m"
"Nord","Le Sentier des Lataniers à partir de Dos d'Ane","","Faible","Moyen","19.5 km","7h","1000 m"
"Nord","De Mamode Camp aux longues dents de la Plaine des Chicots","","Bon","Difficile","19.2 km","7h30","1000 m"
"Nord","De Mamode Camp au Morne Saint-François","","Excellent","Facile","8.2 km","2h15","380 m"
"Nord","Du Brûlé à Mamode Camp par tous les sentiers de raccourcis","","Bon","Moyen","5.2 km","1h45","420 m"
"Nord","La boucle de l'ancien parcours sportif de Mamode Camp","","Excellent","Très facile","1.6 km","30 min","50 m"
"Nord","De Maniquet au Morne Saint-François par le Sentier Laverdure","","Moyen","Moyen","16 km","6h","450 m"
"Nord","Le point de vue sur l'Îlet à Guillaume par la Cascade Maniquet","","Moyen","Moyen","7.5 km","2h30","200 m"
"Nord","Du Bassin Marie-Louise au Bassin Chouchou par le lit de la Ravine Sèche","","Bon","Difficile","3.5 km","3h30","300 m"
"Nord","Cinq bassins et cascades de la Ravine Sèche à l'Espérance les Bas","","Excellent","Moyen","2.5 km","1h30","180 m"
"Nord","Les cascades et le tunnel du Bras Laurent depuis Decotte","","Moyen","Très difficile","6 km","6h45","300 m"
"Nord","La remontée de la Rivière Ste-Suzanne à partir de Decotte","","Faible","Difficile","6.7 km","9h30","480 m"
"Nord","La Rivière Sainte-Suzanne en amont du Bassin Carrosse","","Moyen","Très difficile","7.8 km","6h","380 m"
"Nord","Une balade aux Bassins Bœuf, Nicole et Grondin sur la Rivière Ste-Suzanne","","Excellent","Facile","3.2 km","1h","150 m"
"Nord","La randonnée des dix cascades sur la Rivière Sainte-Suzanne","","Bon","Difficile","8.7 km","4h15","580 m"
"Nord","De la Grande Cascade au Bassin Pilon sur la Rivière Sainte-Suzanne","","Bon","Moyen","3.9 km","2h","280 m"
"Nord","La remontée de la Cascade Niagara jusqu'à la Grande Ravine","","Bon","Moyen","2.9 km","1h","150 m"
"Nord","De Sainte-Suzanne à Champ Borne par le littoral et les étangs de Bois Rouge","","Bon","Moyen","17.8 km","5h","20 m"
"Nord","La boucle du Moulin Kader à la Montagne par le sentier des Cordistes","","Excellent","Moyen","5.6 km","2h30","320 m"
"Nord","Le tour du Piton de la Ravine à Malheur depuis la Possession","","Moyen","Difficile","13 km","5h","780 m"
"Nord","Le Sentier de Cap Bernard et le point de vue de la Vigie","","Excellent","Très facile","1.8 km","1h","180 m"
"Nord","Les cascades de la Grande Ravine depuis Moulin Cader","","Moyen","Difficile","2.7 km","2h15","180 m"
"Nord","Du Colorado au Chemin des Anglais par les terres rouges de Fleurié","","Excellent","Moyen","16.9 km","5h30","750 m"
"Nord","L'Ilet à Guillaume par la boucle de la Route Forestière Plaine d'Affouches","","Excellent","Difficile","16.3 km","5h15","840 m"
"Nord","De Saint-Bernard au captage du Bras Citron par l'Îlet à Guillaume","","Bon","Moyen","16.5 km","4h30","950 m"
"Nord","Le Tour du Quinzième à Saint-Bernard par le Sentier des Goyaviers et la R.F. de la Plaine d'Affouches","","Excellent","Moyen","13.6 km","4h","450 m"
"Nord","De Saint Bernard à l'Ilet à Guillaume","","Bon","Moyen","12 km","4h","800 m"
"Nord","Une boucle au Domaine Telmard à partir du Colorado","","Bon","Moyen","6.3 km","2h15","300 m"
"Nord","La boucle de Saint-Bernard au Chemin des Anglais","","Bon","Facile","7.4 km","1h45","340 m"
"Nord","Du Port Est au Port Ouest par le littoral de la Pointe des Galets","","Excellent","Très facile","8 km","2h","15 m"
"Nord","Une boucle du Verger Rosthon aux carrières entre les deux ravines des Lataniers","","Bon","Moyen","6.5 km","3h","360 m"
"Nord","La boucle du Parc Boisé au Port pour personnes à mobilité réduite","","Excellent","Facile","1.3 km","30 min","1 m"
"Nord","De la Ravine à Jacques à la Ravine à Malheur par le Chemin Crémont","","Bon","Difficile","13.6 km","5h","720 m"
"Nord","Le Chemin des Anglais et Chemin Crémont depuis la Possession","","Excellent","Moyen","18.8 km","6h","1050 m"
"Nord","Le grand tour de Sainte Thérèse par Lataniers, Kalla et Sentier de Bord","","Bon","Difficile","19.2 km","7h","950 m"
"Nord","Boucle familiale le long de la Ravine Balthazar à La Possession","","Excellent","Facile","5.4 km","1h30","120 m"
"Nord","La boucle de la Possession par le tour de La Mare et le sentier Kalla","","Bon","Moyen","12.5 km","3h30","500 m"
"Nord","Une balade au Port pour personnes à mobilité réduite","","Excellent","Moyen","5.3 km","2h","30 m"
"Nord","De la Promenade des Banians à la Grande Ravine des Lataniers par le rempart","","Bon","Difficile","7.1 km","3h","350 m"
"Nord","Le tour du Port par le Cimetière Paysager et le Parc Boisé","","Excellent","Facile","15.2 km","4h","60 m"
"Nord","La remontée de la Crête des Lataniers depuis la Possession","","Moyen","Moyen","10.8 km","4h","550 m"
"Nord","Le verger Rosthon de la Possession à la route de la Montagne","","Excellent","Facile","3.9 km","1h","130 m"
"Nord","De la Rivière des Galets à Dos d'Ane par le sentier de Bord","","Excellent","Moyen","7.7 km","2h30","880 m"
"Nord","Le tour de la Ravine la Mare à partir du Chemin Ratinaud et retour par le sentier Joncourt","","Moyen","Difficile","14.5 km","7h","1250 m"
"Nord","La boucle de la Possession à Dos d'Ane par le Sentier Joncourt","","Moyen","Très difficile","26.4 km","10h","1400 m"
"Nord","De la Rivière des Galets à Saint-Paul par la rivière et le littoral","","Bon","Facile","6 km","1h15","10 m"
"Nord","De la Rivière des Galets à Deux Bras par le Sentier Malidé et Dos d'Ane","","Faible","Difficile","21.2 km","8h","950 m"
"Nord","Trois bassins et cascades de Montée Sano au captage de la Rivière Ste-Marie","","Bon","Moyen","3.9 km","1h30","160 m"
"Nord","Boucle Redoute-Colorado-Grande Chaloupe et ancienne Route du Littoral","","Excellent","Difficile","22.6 km","7h","860 m"
"Nord","Le point de vue sur le Grand Eboulis de Quinquina par le Grand Figuier","","Moyen","Difficile","13.9 km","7h","1250 m"
"Nord","Du Stade de la Redoute au Colorado","","Excellent","Moyen","10.6 km","3h","700 m"
"Nord","Une déclinaison du parcours du Challenge Papang à partir de Saint-Denis","","Excellent","Facile","15.9 km","4h","300 m"
"Nord","De l'Espérance les Hauts au Piton Bémassoune par le Bassin Rond","","Bon","Difficile","18.5 km","9h","900 m"
"Nord","La boucle familiale de Comète à Saint-François","","Excellent","Facile","2.9 km","1h","90 m"
"Nord","Le tour du Piton de St-François par le Chemin Macassis et le Piton du Butor","","Bon","Difficile","11 km","4h30","650 m"
"Nord","De l'Îlet habité de Quinquina les Bas à l'Îlet oublié de Quinquina les Hauts","","Bon","Très difficile","16.5 km","6h30","1100 m"
"Nord","De Terrain Elisa à la Rivière Ste-Suzanne par le Piton Charpentier","","Moyen","Difficile","12.2 km","8h30","750 m"
"Nord","La petite boucle du Pic Adam pour marcheurs pressés","","Excellent","Facile","5.3 km","2h15","450 m"
"Nord","La montée au Piton Charpentier depuis Terrain Elisa","","Moyen","Moyen","8.9 km","4h","540 m"
"Nord","Le tour du Pic Adam à partir du Bois de Nèfles","","Bon","Moyen","7.5 km","3h15","650 m"
"Nord","Les cascades et la canalisation du Pic Adam","","Bon","Facile","3.5 km","1h30","250 m"
"Nord","Le Piton Patates et le Piton de St-François depuis Montgaillard","","Excellent","Moyen","14.5 km","5h","780 m"
"Nord","Bassins et cascades de la Ravine Mère Canal à partir de l'Espérance les Hauts","","Excellent","Moyen","6.2 km","2h30","600 m"
"Nord","De l'Espérance à la Confiance par le Sentier de l'Echelle","","Excellent","Moyen","2.9 km","1h30","300 m"
"Nord","Des Quatre Canons au Cap Bernard et à Notre Dame de la Montagne","","Excellent","Moyen","7.7 km","2h45","450 m"
"Nord","De St-Denis à St-Benoît par l'ancien tracé du Chemin de Fer","","Bon","Moyen","38.9 km","18h30","150 m"
"Nord","De la Providence au Brûlé et retour","","Excellent","Moyen","11 km","3h","800 m"
"Nord","Une boucle de la Providence au Brûlé par le sentier Mercure","","Excellent","Moyen","12.6 km","4h15","850 m"
"Nord","Du Bas de la Rivière à Bellepierre par le Bassin du Diable","","Moyen","Très difficile","15 km","9h","750 m"
"Nord","La remontée de la Rivière Saint-Denis à partir du Pont Vinh San","","Excellent","Moyen","6.7 km","2h","85 m"
"Nord","Le tour de l'aéroport Roland Garros à Saint-Denis","","Excellent","Facile","12.4 km","3h15","60 m"
"Nord","La remontée de la Ravine du Butor à partir de la Providence","","Moyen","Moyen","6.7 km","5h","350 m"
"Nord","De la Bretagne à la Cascade du Chaudron","","Moyen","Facile","6.7 km","2h","100 m"
"Nord","Descente au Piton Bénoune depuis la Mare à Martin","","Danger","Difficile","11 km","6h30","780 m"
"Nord","Longue boucle touristique dans Saint-Denis","","Excellent","Facile","11.1 km","4h30","140 m"
"Nord","Le sentier botanique de la Providence","","Excellent","Facile","2.6 km","1h","200 m"
"Nord","Le long de la Ravine des Figues à partir du Cimetière des Jésuites","","Excellent","Très facile","2.7 km","1h","150 m"
"Nord","Une boucle au Bassin du Diable depuis Bellepierre","","Bon","Difficile","9.4 km","4h30","550 m"
"Nord","Le tour des parcs de la Trinité et de la Médiathèque depuis Vauban","","Excellent","Facile","3.8 km","1h","60 m"
"Nord","Le tour de la forêt de Sainte-Marie, de Montée Sano à la Maison Martin","","Faible","Très difficile","18.9 km","8h30","950 m"
"Nord","Boucle de la Redoute au Colorado par le Lycée Technique de la Montagne","","Bon","Moyen","11.4 km","3h30","700 m"
"Nord","Le tour du Grand Eboulis de l'Îlet Quinquina jusqu'à la Ravine du Grand Bénoune","","Bon","Difficile","17.5 km","8h30","550 m"
"Nord","De la Redoute à la Montagne par le Sentier Pavé des Rampes en face Nord","","Excellent","Moyen","4.7 km","1h15","330 m"
"Nord","La boucle de la Redoute au Colorado par la Montagne et  le Chemin des Anglais","","Bon","Difficile","10.4 km","4h","680 m"
"Nord","Du Barachois à Sainte Suzanne par le littoral et le Sentier du Tri","","Excellent","Facile","22 km","5h","50 m"
"Nord","Du Pic Adam au Gîte des Chicots par l'ancien sentier de la Roche Ecrite","","Faible","Difficile","8.6 km","7h","1180 m"
"Nord","De Saint-Denis à Grand Ilet par Mamode Camp et la Roche Ecrite","","Excellent","Très difficile","22.2 km","9h30","2300 m"
"Nord","Hors des sentiers classiques de la Roche Ecrite à partir du gîte","","Excellent","Difficile","21.5 km","7h30","1100 m"
"Nord","La Roche Ecrite depuis Mamode Camp","","Excellent","Moyen","18.6 km","6h30","1100 m"
"Nord","La Roche Ecrite par la Ravine Blanche depuis Bois de Nèfles","","Bon","Difficile","29.5 km","9h30","1700 m"
"Nord","La Roche Ecrite depuis la Bretagne","","Excellent","Difficile","20.4 km","8h30","1780 m"
"Nord","Une boucle autour de la Ravine Montauban vers le Grand Figuier et la Roche Ecrite","","Excellent","Difficile","14 km","4h45","980 m"
"Nord","La Roche Ecrite par l'Ilet à Guillaume et la Plaine d'Affouches","","Moyen","Très difficile","36.5 km","9h30","2100 m"
"Nord","La Roche Ecrite depuis Dos d'Ane","","Excellent","Difficile","22.5 km","9h","1400 m"
"Nord","Une courte boucle au Parc des Berges de la Rivière du Mât","","Excellent","Très facile","1.3 km","30 min","45 m"
"Nord","La boucle du Dioré dans la forêt de Saint-André","","Excellent","Moyen","6.8 km","2h15","390 m"
"Nord","Le Piton Plaine des Fougères depuis la Maison Martin","","Bon","Moyen","16.5 km","5h30","850 m"
"Nord","Du Bocage à la Cascade et au Bassin Pichon","","Excellent","Facile","2.8 km","1h","50 m"
"Nord","Le Piton Bé Massoune par le Petit et Grand Plate depuis l'Aire du Dioré","","Moyen","Difficile","24.8 km","9h","1360 m"
"Ouest","Le Piton des Orangers par la Piste Forestière des 1800 Nord","","Excellent","Facile","8 km","3h","340 m"
"Ouest","De la bambusaie du Guillaume à la Tamarinaie du Maïdo","","Moyen","Difficile","14.3 km","5h","750 m"
"Ouest","La boucle des 34 Boucans depuis la RF des Cryptomerias","","Excellent","Moyen","7 km","2h45","300 m"
"Ouest","Une boucle par les Sentiers Lebreton, Cresson et de Cambour","","Bon","Moyen","10.1 km","4h30","480 m"
"Ouest","Le Piton des Orangers depuis la Piste Forestière Baptiste","","Excellent","Moyen","7.2 km","2h","350 m"
"Ouest","Une boucle par la piste de Bois de Nèfles dans les Hauts de Mon Repos","","Bon","Moyen","13 km","3h30","460 m"
"Ouest","Une boucle autour de la Tamarinaie du Maïdo par les pistes Bernica et Bolon","","Bon","Moyen","10.8 km","4h","400 m"
"Ouest","La traversée du Brûlé de Saint-Paul","","Moyen","Facile","13.5 km","3h30","350 m"
"Ouest","Les 4 grottes du Roi Phaonce et autres curiosités autour du Piton Rouge","","Bon","Moyen","14.4 km","6h","850 m"
"Ouest","L'Ilet Alcipe par le tour du Bois de Sans Souci et le sentier l'Affouche","","Excellent","Moyen","7.5 km","2h30","380 m"
"Ouest","La boucle Louis Emile et Françoise Francia depuis la RF des Cryptomerias","","Bon","Moyen","9 km","2h30","510 m"
"Ouest","La boucle Sentier Îlet Alcipe, Sentier de Cambour, Sentier Françoise Francia","","Bon","Moyen","6.3 km","2h30","350 m"
"Ouest","Six pistes et six sentiers autour du Piton Bernica","","Bon","Difficile","18.1 km","6h","830 m"
"Ouest","Du Maïdo à la Glacière, circuit familial par la piste","","Excellent","Facile","11.2 km","3h","420 m"
"Ouest","Le Grand Bénare à partir du Sentier Mario","","Excellent","Difficile","23.3 km","7h","1280 m"
"Ouest","Du Gîte des Tamarins au Grand Bénare par le Bras Sud de la Grande Ravine et la Glacière","","Moyen","Difficile","20 km","8h30","1240 m"
"Ouest","Le Grand Bénare par le Grand Bord et la Glacière depuis le Maïdo","","Excellent","Difficile","18 km","6h","930 m"
"Ouest","Du Piton de la Ravine St-Gilles au Piton des Orangers par la Caverne du Maïdo","","Bon","Difficile","17.4 km","6h","630 m"
"Ouest","L'Ilet Alcipe par le Piton des Orangers et la Route Oméga depuis le Maïdo","","Excellent","Moyen","19 km","6h30","820 m"
"Ouest","Le tour du Tévélave depuis les Bananes","","Excellent","Moyen","10.8 km","3h30","480 m"
"Ouest","Le tour des Sources du Grand Bras par le Piton des Merles","","Moyen","Difficile","6.3 km","6h30","350 m"
"Ouest","La boucle du Tévelave au Sentier des Ouvriers par le Piton Deveaux","","Moyen","Difficile","7.2 km","5h","540 m"
"Ouest","Le Sentier des Ouvriers et le sentier de Grande Terre","","Excellent","Moyen","10.5 km","4h","900 m"
"Ouest","Du Tévelave à la Ferme Deveaux","","Moyen","Difficile","3.6 km","1h45","350 m"
"Ouest","Du Piton Lacroix au Tévelave par Piton des Merles et Sentier des Ouvriers","","Moyen","Difficile","11.6 km","4h45","920 m"
"Ouest","La ravine souterraine du Piton Deveaux depuis le Tévelave","","Faible","Difficile","5.2 km","2h45","520 m"
"Ouest","La Source Deveaux depuis l'église du Tévelave","","Faible","Moyen","2 km","1h","175 m"
"Ouest","Les sources du Ruisseau Amont par les sources la Moque et la Fouche","","Faible","Moyen","3.9 km","1h45","300 m"
"Ouest","Le circuit des cinq sources autour de la Source Dussac","","Bon","Facile","3.6 km","1h15","320 m"
"Ouest","Du Tévelave à l'Ilet du Noir Mort","","Faible","Difficile","3.9 km","1h45","300 m"
"Ouest","Le tour des Avirons et de la Ravine Sèche par la Chapelle","","Excellent","Moyen","16.9 km","5h","750 m"
"Ouest","La boucle des Chemins Mélina et Queue de Cheval aux Avirons","","Excellent","Facile","9 km","2h30","450 m"
"Ouest","De l'Etang-Salé à Saint Leu par le littoral","","Bon","Moyen","12 km","4h30","50 m"
"Ouest","Le sentier de Grand Case par la Pièce Jeanne et la D3","","Bon","Moyen","12 km","4h","740 m"
"Ouest","La source captée de Bois Blanc par le tour du Piton la Mare","","Bon","Moyen","14.7 km","5h","620 m"
"Ouest","Le tour de Bois Blanc par le Plateau et le littoral","","Excellent","Moyen","14.5 km","4h30","420 m"
"Ouest","Piton de la Croix, Source Nouvelle et le Sentier du Malabar Mort","","Bon","Difficile","18 km","6h30","1250 m"
"Ouest","La source et le captage de Grand Bras depuis les Canots","","Moyen","Moyen","8.4 km","2h45","600 m"
"Ouest","La boucle de la Pièce Jeanne","","Moyen","Moyen","16 km","5h","900 m"
"Ouest","Le tour de Chemin Diale par le Sentier de Grand Étang et le Chemin de la Surprise","","Excellent","Moyen","7.8 km","3h","460 m"
"Ouest","Boucle de Cayenne à Notre Dame des Champs autour du Bras Mouton","","Bon","Difficile","11.6 km","3h30","900 m"
"Ouest","De la Fontaine à la Chaloupe St-Leu depuis le tunnel de la Ravine de la Chaloupe","","Bon","Moyen","8.5 km","4h","420 m"
"Ouest","De Cayenne vers les Colimaçons par les trois musées nature","","Excellent","Moyen","13.3 km","4h30","560 m"
"Ouest","Le Cap Camélia par le Sentier de Grand Etang et Sentier Canal","","Bon","Moyen","14.4 km","5h","830 m"
"Ouest","Le tour et l'exploration du Trou de Jarre par les RF Vaudeville et Tamarins","","Excellent","Facile","13.4 km","5h","620 m"
"Ouest","Le tour de la Ravine de La Fontaine depuis le Chemin de La Salette","","Bon","Moyen","16.3 km","5h","880 m"
"Ouest","De la Pointe au Sel au Musée de Stella Matutina par la boucle Sucre et Sel","","Excellent","Facile","6.3 km","2h","150 m"
"Ouest","La Grande Ravine, portion centrale depuis Trois Bassins","","Moyen","Difficile","3.9 km","5h","400 m"
"Ouest","La remontée de la Grande Ravine depuis Trois Bassins","","Moyen","Difficile","5.7 km","5h","600 m"
"Ouest","De l'Eglise Requins à Bois de Nèfles par le Piton des Roches Tendres","","Excellent","Facile","10 km","3h","150 m"
"Ouest","La boucle du Grand Huit à Saint-Leu par les huit sentiers","","Bon","Moyen","14.4 km","6h","850 m"
"Ouest","Le tour de la Cité des Pêcheurs à partir du cimetière de St-Leu","","Bon","Moyen","12.2 km","3h","450 m"
"Ouest","Le tour de Saint-Leu par les sentiers de traverse et les quatre gués","","Bon","Moyen","6.9 km","2h30","280 m"
"Ouest","De St-Leu au Plate sur les traces d'Elie et des Révoltés","","Bon","Difficile","27.4 km","8h","850 m"
"Ouest","De Saint Leu (Cayenne) au Grand Bénare par Notre Dame des Champs","","Excellent","Difficile","24 km","9h","3000 m"
"Ouest","De la Veuve au Piton Calvaire du Plate","","Bon","Moyen","16.2 km","4h30","820 m"
"Ouest","Le tour de la Ravine des Colimaçons depuis Notre Dame des Champs","","Excellent","Moyen","13.8 km","4h","600 m"
"Ouest","De la Saline les Bains au port de Saint-Leu par le littoral","","Bon","Moyen","11.4 km","3h30","60 m"
"Ouest","Une boucle à Saint-Leu par le Sentier Canal et le Sentier de la Salette","","Excellent","Moyen","10.4 km","2h30","430 m"
"Ouest","Le Piton La Boue et le tour de Montausé à Grand Fond","","Excellent","Moyen","20.4 km","6h","800 m"
"Ouest","De Cayenne à Châteauvieux par Bras Mouton et les Colimaçons","","Excellent","Moyen","9.2 km","3h","530 m"
"Ouest","La remontée de la Grande Ravine jusqu'à la première cascade","","Moyen","Difficile","6.6 km","3h30","280 m"
"Ouest","La boucle de la Grande Ravine jusqu'à Cocâtre","","Moyen","Moyen","19.5 km","6h30","850 m"
"Ouest","Le Piton Cabris par les raccourcis de la RF 11 des Makes","","Bon","Moyen","6.4 km","3h","480 m"
"Ouest","Du Chemin des Platanes à Pièce Jeanne par le Malabar Mort","","Excellent","Difficile","19 km","8h","1000 m"
"Ouest","Des Makes à Saint-Louis par la cascade du Bras du Malabar Mort","","Bon","Difficile","20.7 km","8h","450 m"
"Ouest","Le tour de la Scierie et des Fleurs Jaunes depuis le Bras Patates","","Excellent","Moyen","11.1 km","4h","790 m"
"Ouest","Du Grand Serré aux Canaux par le Bras Montplaisir","","Bon","Facile","4.2 km","1h45","320 m"
"Ouest","Une boucle de Bon Accueil à Camp 2000, retour par la 11ème ligne","","Faible","Très difficile","12.1 km","8h","1250 m"
"Ouest","Une balade aux Makes dans le Parc des Platanes de Bon Accueil","","Excellent","Très facile","1.6 km","30 min","40 m"
"Ouest","Le Sentier de la Découverte et le Bois de Bon Accueil aux Makes","","Bon","Moyen","7.8 km","3h","600 m"
"Ouest","La boucle des Makes par Camp 2000, le Piton des Merles et le Malabar Mort","","Bon","Très difficile","21.3 km","8h","1350 m"
"Ouest","Le tour de la Forêt Domaniale des Makes depuis l'observatoire astronomique","","Excellent","Difficile","18.4 km","7h","1420 m"
"Ouest","Des Makes au point de vue sur les Makes  par les Sentier du Malabar Mort et le Piton des Merles","","Bon","Très difficile","19.2 km","8h","1200 m"
"Ouest","De la Fenêtre des Makes aux Canaux par le Bras Patate  et la Chaîne du Bois de Nèfles","","Bon","Difficile","19 km","6h30","1250 m"
"Ouest","Le tunnel de la ravine souterraine de la Plaine Bois de Nèfles  depuis le Grand Serré","","Bon","Difficile","13.6 km","5h30","1050 m"
"Ouest","De la Fenêtre des Makes au Maïdo par le Grand Bénare","","Bon","Très difficile","22.5 km","9h","1600 m"
"Ouest","Le Petit Bénare et le Grand Bénare depuis la Fenêtre des Makes","","Excellent","Difficile","27 km","10h","1560 m"
"Ouest","Le tour du Piton Vera et du Piton Rouge par la Ravine des Colimaçons","","Bon","Difficile","12.6 km","5h30","660 m"
"Ouest","De la RF 9a à l'Observatoire Atmosphérique par la Ravine la Source","","Bon","Difficile","8.5 km","4h","460 m"
"Ouest","Le sentier de découverte de la Tamarinaie au Maïdo","","Excellent","Facile","2.2 km","45 min","80 m"
"Ouest","La plage de la Saline depuis l'aire du Tabac","","Bon","Moyen","15.5 km","5h","400 m"
"Ouest","Le tour de la Ravine Laforge par le sentier de Grande Terre","","Bon","Moyen","6.8 km","2h30","400 m"
"Ouest","La boucle par le sentier Bras Mouton - Colimaçons","","Excellent","Facile","2.2 km","1h","200 m"
"Ouest","Du Gîte des Tamarins au Grand Bénare entre les bras de la Grande Ravine","","Bon","Difficile","15.7 km","6h","1200 m"
"Ouest","Du Petit Bénare jusqu'à la Route Forestière de la Scierie par le bord du rempart","","Bon","Difficile","15 km","5h30","950 m"
"Ouest","De le RF Vaudeville au gîte des Tamarins par Calebasse et Simambry","","Moyen","Difficile","11.6 km","4h30","700 m"
"Ouest","Du gîte des Tamarins au Piton Rouge par les pistes, retour par la Grande Ravine","","Bon","Difficile","17.3 km","8h","1050 m"
"Ouest","La Glacière par le tour de la Forêt des Bénares","","Excellent","Moyen","20 km","5h30","950 m"
"Ouest","Le Sentier des Tamarins et le Sentier du Gol au-dessus du Tévelave","","Bon","Facile","8.8 km","2h30","300 m"
"Ouest","Le tour de la Forêt des Bénares par les Ravines des Colimaçons et Simambry","","Danger","Difficile","12 km","4h45","780 m"
"Ouest","Une boucle dans les Hauts du Tévelave par le Sentier de Grande Terre","","Bon","Moyen","10.6 km","2h45","480 m"
"Ouest","Très courte boucle à l'Observatoire des Papangues","","Excellent","Très facile","0.8 km","24 min","40 m"
"Ouest","Le tour du Brûlé de Saint-Leu au-dessus du Tévelave","","Excellent","Moyen","22.1 km","6h","1100 m"
"Ouest","Le tour du Crédit Foncier par Simambry et la ligne de la Grande Ravine","","Bon","Moyen","8.7 km","3h","400 m"
"Ouest","Une boucle dans la Réserve Naturelle de l'Etang de Saint-Paul","","Excellent","Très facile","3.4 km","1h","15 m"
"Ouest","De Saint-Paul au Rocher de Chien par Plateau Caillou et la Savane","","Bon","Difficile","17.3 km","6h","320 m"
"Ouest","Le grand tour du Bassin Vital par les sentiers Laperrière et Cheval","","Excellent","Moyen","9.9 km","5h","550 m"
"Ouest","La piste du parcours sportif de St-Paul pour personnes à mobilité réduite","","Excellent","Très facile","3.1 km","1h","3 m"
"Ouest","Le tour de l'étang et de la Forêt domaniale de Saint-Paul","","Excellent","Très facile","11.4 km","3h","10 m"
"Ouest","Le tour de Savannah par la Ravine La Plaine et la Réserve Naturelle de l'Etang","","Bon","Moyen","10.3 km","4h","250 m"
"Ouest","De Sans Souci à l'Îlet Alcipe, retour par la Cressonnière","","Bon","Difficile","17.2 km","6h30","1450 m"
"Ouest","Le front de mer de Saint-Paul pour personnes à mobilité réduite","","Excellent","Facile","2.4 km","1h","1 m"
"Ouest","Le grand tour de la savane du Cap la Houssaye","","Excellent","Facile","8.2 km","2h30","300 m"
"Ouest","Une boucle au Cap la Houssaye par le Sentier Pavé de la Barrière","","Excellent","Moyen","11.5 km","3h","280 m"
"Ouest","Le tour de Maison Rouge et Macabit à Bellemène depuis le Tour des Roches","","Excellent","Moyen","10.7 km","2h45","420 m"
"Ouest","Le Chemin Pavé Lougnon ou de Bellemène depuis le Tour des Roches","","Excellent","Facile","3.3 km","1h","235 m"
"Ouest","Le Bassin Vital et le Sentier Cheval depuis le Tour des Roches","","Excellent","Moyen","4.3 km","1h30","360 m"
"Ouest","La Ravine Divon et Bassin Long depuis le Tour des Roches","","Excellent","Facile","2.4 km","45 min","90 m"
"Ouest","La Ravine Bernica et le Bassin Pigeons à Saint-Paul","","Bon","Très facile","1.9 km","45 min","70 m"
"Ouest","Le tour des Roches à partir du Cimetière Marin","","Excellent","Facile","17.5 km","5h","40 m"
"Ouest","Le tour du Bassin Vital par le Fond Déboulé et la Plaine","","Excellent","Facile","8.6 km","2h30","340 m"
"Ouest","Le Canal Lemarchand et la Ravine la Plaine entre deux cassés","","Bon","Moyen","2.4 km","1h30","120 m"
"Ouest","De la Grande Fontaine au Bassin Sandrine par le Chemin Charrette Bœuf","","Excellent","Facile","6.7 km","2h30","340 m"
"Ouest","Une boucle de la Rivière des Galets à Sans Souci","","Bon","Moyen","11.7 km","3h","450 m"
"Ouest","La remontée de la Ravine la Plaine depuis la passerelle de Sans Souci","","Bon","Moyen","5.8 km","2h30","280 m"
"Ouest","De Saint-Paul à la Saline les Bains par le littoral","","Excellent","Moyen","16.5 km","4h30","30 m"
"Ouest","Saint-Gilles et le Verger Bottard depuis le Théâtre de Plein Air","","Excellent","Facile","5.3 km","1h30","120 m"
"Ouest","Le tour de Moulin Kader par la remontée de la Ravine Saint-Gilles","","Moyen","Difficile","15.4 km","5h30","300 m"
"Ouest","Une variante de la Randonnée de La Saline à partir du stade","","Bon","Moyen","16.3 km","4h45","560 m"
"Ouest","Une partie de la boucle du Trail des 3 Salines depuis la Saline les Hauts","","Bon","Moyen","16.1 km","5h30","500 m"
"Ouest","Le tour de Bois de Nèfles à Trois Bassins depuis la RD14","","Bon","Moyen","4.8 km","1h45","260 m"
"Ouest","Le Chemin Bruniquel et le tour du Piton de l'Ermitage","","Bon","Moyen","13.9 km","3h45","320 m"
"Ouest","Les trois marmites de la Ravine des Trois Bassins","","Bon","Facile","4.2 km","2h","60 m"
"Ouest","De l'Eperon au Moulin Kader par le Bassin Malheur","","Excellent","Moyen","5.9 km","2h","240 m"
"Ouest","La remontée de la Ravine des Trois Bassins","","Moyen","Très difficile","12.7 km","9h","800 m"
"Ouest","De Roquefeuille à Vue-Belle par Fond de Puits","","Moyen","Difficile","18.5 km","5h30","510 m"
"Ouest","Le tour de la Ravine de la Saline depuis l'aire de repos de la Ravine Tabac","","Excellent","Facile","8.4 km","1h45","220 m"
"Ouest","Les bassins et cascades de Saint-Gilles","","Bon","Facile","2.5 km","1h","140 m"
"Ouest","L'usine sucrière de Pierrefonds par la nouvelle passerelle","","Excellent","Très facile","2.3 km","1h","30 m"
"Ouest","Un tour au Canal des Aloès depuis le radier du Ouaki","","Bon","Facile","3.1 km","1h30","130 m"
"Ouest","Le tour des trois étangs du Gol par la passerelle","","Excellent","Très facile","5.4 km","1h30","12 m"
"Ouest","Des gravières du Gol au Cimetière des Ames Perdues depuis le stade de Bel Air","","Excellent","Très facile","6.4 km","2h","15 m"
"Ouest","Le tour des Etangs du Gol par l'allée des cocotiers","","Bon","Facile","9.9 km","3h","20 m"
"Ouest","Une courte sortie à l'Etang du Gol","","Excellent","Très facile","9.8 km","2h30","20 m"
"Ouest","La remontée complète de la Ravine Goyaves depuis Roche Maigre","","Moyen","Difficile","10.3 km","7h","360 m"
"Ouest","13 bassins et 10 cascades de la Ravine Goyaves à Roche Maigre","","Moyen","Difficile","3.6 km","3h","150 m"
"Ouest","La grotte de la ravine Maison Rouge depuis Pont Neuf","","Moyen","Moyen","5.3 km","2h30","120 m"
"Ouest","Le tour de l'usine du Gol par les petits étangs et la Ravine du Gol","","Bon","Facile","9.2 km","3h","90 m"
"Ouest","Une grande boucle à l'Etang du Gol depuis Bel Air","","Moyen","Facile","9.5 km","2h30","10 m"
"Ouest","De l'Etang Salé à la Ravine du Ruisseau par les cinq tunnels de la RN1","","Moyen","Difficile","9.5 km","3h30","200 m"
"Ouest","De l'Etang Salé au Piton de la Croix par le Chemin de l'Entre-Deux","","Excellent","Difficile","11.6 km","4h","950 m"
"Ouest","De l'Etang Salé à Saint-Pierre par le littoral","","Bon","Moyen","18.3 km","5h30","30 m"
"Ouest","Le grand tour de la Forêt de l'Etang Salé","","Excellent","Facile","15 km","4h","180 m"
"Ouest","Le tour du village de l'Etang Salé les Bains depuis l'échangeur des Avirons","","Bon","Moyen","14.8 km","4h","150 m"
"Ouest","La boucle des quatre pitons de la Forêt de l'Etang Salé","","Excellent","Moyen","14.5 km","3h30","230 m"
"Ouest","Une boucle du Gol à l'Etang Salé par le domaine de la Roche Carangue","","Excellent","Moyen","15.9 km","4h30","60 m"
"Ouest","De la Pointe des Avirons au Piton Forcade","","Excellent","Moyen","19.5 km","6h","900 m"
"Ouest","La descente de la Ravine Mila et la remontée de la Ravine des Avirons","","Moyen","Difficile","9.9 km","4h","380 m"
"Ouest","Du Tapage aux Makes par le Piton Cabris, la Fenêtre et Fleurs Jaunes","","Excellent","Moyen","17.7 km","6h","1150 m"
"Ouest","Le tour de la Chaîne du Bois de Nèfles depuis le Gol les Hauts","","Bon","Difficile","18.5 km","6h30","1050 m"
"Ouest","Le tour du Ruisseau les Hauts jusqu'à la Pente des Vacoas","","Bon","Moyen","14.7 km","3h30","490 m"
"Ouest","Le tour du Gol les Hauts par le bassin de la Ravine Richard et les anciennes ruelles","","Excellent","Facile","10.1 km","2h30","310 m"
"Ouest","Le tour de Curepipe à partir du Ruisseau les Hauts par les Chemins Bois Noir et du Grand Détour","","Excellent","Facile","7.1 km","2h","270 m"
"Sud","Point de vue sur la Plaine des Sables par le sentier marron de Grand Coude","","Excellent","Difficile","16.2 km","7h","1400 m"
"Sud","Le tour des Pentes de Grand Coude par les trous de Cissia","","Moyen","Difficile","9.6 km","5h30","680 m"
"Sud","Roche Plate depuis Grand Coude et par l'Ilet Dimitile","","Bon","Difficile","17 km","6h","900 m"
"Sud","Le Grand tour de Grand Coude par le Bérénice et le Corymbis","","Bon","Difficile","21.1 km","8h","1450 m"
"Sud","La boucle des trous de Cissia à Grand Coude","","Moyen","Facile","5.1 km","1h45","250 m"
"Sud","Le sentier de Découverte de Grand Coude","","Faible","Facile","5.6 km","1h45","360 m"
"Sud","Le petit tour de Grand Coude","","Moyen","Difficile","9.5 km","5h","650 m"
"Sud","La Cascade de Mahavel depuis Grand Coude","","Moyen","Difficile","19.8 km","8h","1600 m"
"Sud","Une boucle à Piton des Goyaves par la Source Vivier","","Excellent","Facile","8.1 km","2h15","380 m"
"Sud","La ravine et cinq points de vue sur la Petite Île","","Bon","Facile","3.9 km","2h","300 m"
"Sud","Au plus près du tour de Grands Bois par la Course du Patrimoine","","Excellent","Moyen","15 km","4h30","400 m"
"Sud","Le Piton Isautier à partir de la poste de Piton des Goyaves","","Excellent","Moyen","6.9 km","3h","350 m"
"Sud","Du Piton du Relais à la boucle des Margosiers","","Excellent","Moyen","12.1 km","4h","540 m"
"Sud","Le Sentier des Agriculteurs à partir du Domaine du Relais de Petite Île","","Excellent","Très facile","2.4 km","1h15","100 m"
"Sud","La boucle de la Randonnée de l'Ail à Petite Île","","Excellent","Facile","9.6 km","3h","300 m"
"Sud","De Grande Anse à Petite Île par Manapany les Hauts et le Relais","","Bon","Moyen","19.7 km","6h30","820 m"
"Sud","Une boucle de Grande Anse à Petite Île par Manapany les Bas","","Excellent","Moyen","15.3 km","4h30","500 m"
"Sud","L'ascension  et le tour du Piton de Mont-Vert","","Excellent","Moyen","7.5 km","2h30","260 m"
"Sud","Balade à la Pointe du Diable pour personnes à mobilité réduite","","Excellent","Facile","3.6 km","1h30","25 m"
"Sud","Les Jardins de la Plage de Saint-Pierre pour personnes à mobilité réduite","","Excellent","Très facile","0.7 km","30 min","1 m"
"Sud","Le parcours de Grande Anse pour personnes à mobilité réduite","","Excellent","Facile","1.1 km","1h","1 m"
"Sud","Une boucle vers la Ligne d'Equerre depuis le Piton Nathalie","","Bon","Moyen","8.3 km","3h","350 m"
"Sud","Le Sentier La Corde à Bois d'Olive","","Excellent","Facile","2.9 km","1h","110 m"
"Sud","De St-Pierre à St-Denis par l'ancien tracé du Chemin de Fer","","Bon","Moyen","88 km","40h","100 m"
"Sud","La remontée de la Ravine des Cafres depuis le Domaine Vidot à Montvert les Hauts","","Bon","Difficile","10 km","4h30","620 m"
"Sud","Une boucle par la Ravine des Cafres et le circuit de la Foulée de la Fraise","","Excellent","Difficile","18.9 km","8h","1400 m"
"Sud","Le Piton de Grande Anse et le point de vue sur la petite île","","Excellent","Facile","5.2 km","1h30","25 m"
"Sud","Le circuit des Foulées de Bois d'Olives","","Excellent","Facile","12.8 km","3h30","150 m"
"Sud","La boucle du Sentier de Bord de Terre Rouge à Terre Sainte","","Excellent","Très facile","2.3 km","30 min","30 m"
"Sud","De Grande Anse au Cap Méchant au plus près du littoral","","Bon","Difficile","33 km","10h","500 m"
"Sud","Le tour du Relais de Petite Île depuis Manapany les Hauts","","Bon","Moyen","7.3 km","2h","350 m"
"Sud","Une boucle à la Pointe du Diable","","Excellent","Très facile","4.6 km","1h","40 m"
"Sud","Le tour du Domaine Vidot à Mont Vert les Hauts","","Excellent","Facile","3.4 km","1h","180 m"
"Sud","Une boucle depuis le Relais de Petite Île jusqu'à la Mare","","Excellent","Difficile","16.2 km","5h","900 m"
"Sud","Le tour de l'aéroport de Pierrefonds","","Excellent","Très facile","8.2 km","2h","60 m"
"Sud","Le circuit de la Course de la Fraise à Mont Vert les Hauts","","Excellent","Moyen","12.8 km","3h30","1000 m"
"Sud","A la recherche du Canal St-Etienne entre Saint-Pierre et Bois d'Olive","","Bon","Très facile","5.5 km","2h","30 m"
"Sud","La boucle urbaine du Quartier des Pêcheurs à Terre Sainte","","Excellent","Facile","10.1 km","2h30","140 m"
"Sud","Une boucle vertigineuse à Saint-Pierre par le sentier Canal de la Rivière d'Abord","","Faible","Difficile","6.2 km","5h","150 m"
"Sud","Le chemin de la Forêt des Hauts de Mont Vert à Notre Dame de la Paix","","Excellent","Facile","6.9 km","1h45","300 m"
"Sud","De la Pointe du Diable à Grande Anse par le littoral","","Moyen","Moyen","13 km","3h30","60 m"
"Sud","Notre Dame de la Paix depuis le Relais à Petite Île","","Excellent","Moyen","22.5 km","8h","900 m"
"Sud","Le sentier du Canal Saint-Etienne à Bois d'Olive","","Moyen","Très facile","3.2 km","1h","10 m"
"Sud","Le tour du Piton Mahot à partir du stade de la Grande Ferme","","Excellent","Moyen","11.7 km","3h","300 m"
"Sud","La montée des Pitons Argamasse et de Caille depuis le Nez de Bœuf","","Bon","Moyen","11.5 km","4h30","350 m"
"Sud","La boucle de la Grande Ferme au Nez de Boeuf","","Excellent","Facile","7 km","2h30","200 m"
"Sud","La nouvelle variante du GRR2 entre le Piton de Sable et la Mare à Boue","","Excellent","Difficile","27.6 km","9h","800 m"
"Sud","Une boucle du piton Guichard au Textor par le Nez de Boeuf","","Bon","Moyen","14.2 km","4h30","650 m"
"Sud","Le tour du Piton Guichard","","Excellent","Facile","2.6 km","1h","110 m"
"Sud","Du Chalet des Pâtres à la passerelle du Petit Bras Piton par la canalisation de l'Argamasse","","Moyen","Très difficile","10.1 km","6h30","450 m"
"Sud","De bourg Murat au Nez de Boeuf par le Piton Guichard","","Bon","Moyen","13.5 km","4h","520 m"
"Sud","La source du Nez de Bœuf depuis le parking du Nez de Boeuf","","Danger","Très difficile","3 km","4h","320 m"
"Sud","Le tour de Bourg Murat par les Pitons Dugain, Desforges et Darid","","Bon","Facile","11.4 km","2h45","350 m"
"Sud","Les grottes, arches et tunnels de la Ravine Citron Galet à partir du Nez de Bœuf","","Moyen","Difficile","6.8 km","4h30","780 m"
"Sud","Le grand tour du Morne Langevin par Grand Coude et la Plaine des Sables depuis le Nez de Bœuf","","Moyen","Très difficile","39 km","14h","2850 m"
"Sud","Roche Plate à partir du Nez de Boeuf par le Sentier  de la Rivière des Remparts","","Excellent","Difficile","18.8 km","7h30","1475 m"
"Sud","Le Plateau des Cascades, le Fond de Sonje et l'Ilet Tommy depuis le Nez de Bœuf","","Bon","Difficile","19.4 km","8h","1560 m"
"Sud","Le tour des sources du Bras de Pontho depuis le Piton Guichard","","Excellent","Moyen","8.3 km","2h30","360 m"
"Sud","Le tour des Trous Blancs et du Piton Sec depuis le Piton Guichard","","Excellent","Facile","7 km","2h30","400 m"
"Sud","Le tour et l'escalade du Piton Dugain","","Bon","Facile","3.8 km","1h","150 m"
"Sud","Au plus près du parcours de la randonnée de la Crête","","Bon","Moyen","14 km","4h","560 m"
"Sud","Le tour des Pitons Lambert et Papangue au-dessus de Langevin","","Excellent","Facile","11 km","3h","350 m"
"Sud","De la marine de Vincendo aux falaises de Cap Jaune","","Excellent","Facile","3.8 km","1h30","45 m"
"Sud","Les rives de la Rivière Langevin de la Cascade Jacqueline au Canal Langevin","","Excellent","Très facile","3.3 km","1h","50 m"
"Sud","La boucle de Langevin à Jean Petit par le Bérénice","","Excellent","Moyen","20.7 km","5h30","850 m"
"Sud","De Langevin au Gîte du Volcan par Cap Blanc, Grand Pays  et la Plaine des Sables","","Bon","Très difficile","25.5 km","9h","2500 m"
"Sud","Les hauts de la Crête depuis Notre Dame de la Salette par le Chemin Assing","","Excellent","Facile","10.8 km","2h45","540 m"
"Sud","La Cascade Jacqueline et le tour de la Pointe de Langevin","","Excellent","Facile","3.8 km","1h30","40 m"
"Sud","Le tour du Piton de Manapany","","Bon","Facile","9.1 km","2h30","300 m"
"Sud","De Petit Sable à la Caverne des Hirondelles à Saint-Joseph","","Excellent","Très facile","7 km","2h","20 m"
"Sud","La montée au Piton Babet à Saint-Joseph","","Excellent","Facile","3.6 km","1h","120 m"
"Sud","La boucle du Piton de l'Entonnoir","","Excellent","Très facile","1.8 km","1h","110 m"
"Sud","De St-Joseph à la Plaine des Grègues par les 3 Sources et le Piton de l'Entonnoir","","Bon","Difficile","20.5 km","7h30","1050 m"
"Sud","De Saint-Joseph au Nez de Bœuf par Roche Plate","","Bon","Difficile","25.4 km","7h30","2150 m"
"Sud","Roche Plate depuis Saint-Joseph par la Rivière des Remparts","","Excellent","Moyen","33 km","8h","670 m"
"Sud","La boucle du Petit Tampon à partir du Stade Anthony Rivière","","Excellent","Moyen","9.1 km","3h","380 m"
"Sud","Une boucle dans le Parc des Palmiers du Monde à Trois Mares","","Excellent","Très facile","3.9 km","1h30","120 m"
"Sud","La remontée de la Ravine Blanche depuis le pont du Douzième","","Moyen","Difficile","9.7 km","6h","420 m"
"Sud","Le tour des réservoirs du Dassy par les pistes et retour par la canalisation","","Bon","Moyen","11.2 km","3h","380 m"
"Sud","Courte aventure depuis la passerrelle des Pétréas","","Moyen","Difficile","2.9 km","2h30","130 m"
"Sud","La boucle du parcours pédestre de la Ravine Blanche","","Excellent","Facile","4.9 km","1h15","200 m"
"Sud","Une agréable boucle dans la tamarinaie de la Ravine Blanche","","Excellent","Facile","4 km","1h","130 m"
"Sud","Le sentier botanique de la Ravine Blanche","","Excellent","Facile","1.4 km","30 min","70 m"
"Sud","Une boucle à la Pointe par la Cascade Pigeon et la Ravine Jean Payet","","Moyen","Très difficile","9.9 km","4h30","450 m"
"Sud","Les parcours de Bel Air et du Parc Marc Rivière par la Rivière d'Abord","","Bon","Facile","5 km","1h30","140 m"
"Sud","De Terrain Fleury au Bassin Ti Feuilles par le Bassin Samuel","","Danger","Facile","5.8 km","2h","230 m"
"Sud","Le Sentier des Petits Tamponnais Ruraux depuis Notre Dame de la Paix","","Moyen","Moyen","4.9 km","3h","320 m"
"Sud","Le tour de la Pointe par la Pente Gaétan depuis Terrain Fleury au Tampon","","Excellent","Moyen","10.5 km","2h30","330 m"
"Sud","Le sentier botanique de Notre Dame de la Paix","","Excellent","Très facile","1.7 km","1h","50 m"
"Sud","Le Dimitile par le Sentier Bayonne, la Jument et le Sentier Marron du Bras Long","","Moyen","Très difficile","18.6 km","10h","1950 m"
"Sud","Le tour du Serré par le Bras de Cilaos, l'Entre-Deux et le Bras de la Plaine","","Bon","Moyen","15.1 km","6h","420 m"
"Sud","Le Sentier Jacky Inard par le Sentier Bœuf jusqu'au Sommet de l'Entre-Deux","","Excellent","Difficile","20.1 km","8h30","1380 m"
"Sud","Du Bras de Cilaos à l'Entre-Deux par l'Îlet Rolland","","Moyen","Moyen","4.3 km","2h","250 m"
"Sud","La boucle des Gorges du Bras de La Plaine du Dassy à Pont d'Yves","","Bon","Moyen","12.5 km","5h30","580 m"
"Sud","De Jean Lauret au Camp Marron par le tour des Sources de l'Argamasse","","Excellent","Difficile","20 km","8h30","1350 m"
"Sud","De la Source des Songes au pont naturel du Bras de La Plaine depuis l'Entre-Deux","","Bon","Moyen","8 km","3h","250 m"
"Sud","Une boucle autour du village de l'Entre Deux","","Excellent","Facile","9.5 km","4h","420 m"
"Sud","Les Sources du Bras Long par le Sentier du Zèbre","","Bon","Difficile","11.6 km","4h30","750 m"
"Sud","La boucle du Bassin Sassa à l'Entre-Deux","","Bon","Facile","2.2 km","1h","60 m"
"Sud","Le barrage du Bras de la Plaine et l'Îlet Tata depuis le Pont d'Yves","","Bon","Moyen","10.7 km","5h","620 m"
"Sud","Le Bras de la Plaine jusqu'à Bois Court depuis le Pont d'Yves","","Bon","Difficile","14.4 km","6h30","1100 m"
"Sud","Le Pont de la Liane du Dassy à l'Entre-Deux","","Excellent","Moyen","6.2 km","2h","450 m"
"Sud","Rando croquis et cases créoles à l'Entre Deux","","Excellent","Très facile","6.6 km","2h","220 m"
"Sud","Vers la Ravine Mal au Ventre à partir du sentier Bœuf","","Moyen","Difficile","18.5 km","7h30","1200 m"
"Sud","Le Dimitile par le Zèbre et retour par la Grande Jument","","Excellent","Difficile","19.7 km","6h30","1550 m"
"Sud","La remontée du Bras de Cilaos du Ouaki jusqu'au Pavillon","","Moyen","Difficile","25.2 km","9h","330 m"
"Sud","De l'Entre Deux au Dimitile par le Sentier Bœuf-Chapelle et retour par la Piste Jean Dubard","","Excellent","Moyen","14 km","5h","800 m"
"Sud","Du Kiosque Jean Lauret au Bras de la Plaine par l'Ilet Marron et retour","","Faible","Difficile","20 km","7h30","1300 m"
"Sud","Le Dimitile par la Grande Jument et retour par la Chapelle","","Excellent","Difficile","18 km","6h30","1250 m"
"Sud","De l'Entre-Deux à Cilaos par le Piton de l'Entre-Deux et le Sentier jacky Inard","","Excellent","Difficile","22.7 km","8h30","1700 m"
"Sud","Le Dimitile par le Sentier Bayonne depuis le Bras de Cilaos","","Bon","Très difficile","27.5 km","11h","2000 m"
"Sud","Le tour des Ravines Argamasse et de la Cape depuis le Kiosque Jean Lauret","","Bon","Difficile","22.3 km","7h45","1500 m"
"Sud","De Bois Court à la Cascade du Voile de la Mariée de Grand Bassin","","Bon","Difficile","13.2 km","6h30","860 m"
"Sud","De Saint-Louis à Bois Court par le Bras de la Plaine et Grand Bassin","","Moyen","Très difficile","26.3 km","10h","1400 m"
"Sud","Le tour du Piton Hyacinthe","","Excellent","Très facile","3.6 km","1h","130 m"
"Sud","Une boucle vers Grand Bassin par Bois Court et le Sentier Mollaret","","Excellent","Difficile","13.9 km","6h","1050 m"
"Sud","La remontée du Bras Sec jusqu'aux Sources Samary depuis Bois Court","","Bon","Moyen","7 km","5h","180 m"
"Sud","Le Coteau de Brèdes jusqu'à la Caverne Bateau","","Faible","Difficile","3 km","3h","50 m"
"Sud","Grand Bassin et le Bras des Roches Noires depuis Bois Court","","Moyen","Difficile","15.2 km","8h","950 m"
"Sud","De Bois Court au Pont d'Yves par la Canalisation des Hirondelles","","Faible","Difficile","18.9 km","6h45","540 m"
"Sud","Le captage du Bras de Sainte-Suzanne par le Sentier Mollaret","","Faible","Très difficile","19.2 km","8h45","1450 m"
"Sud","Entre ravines Souris Chaude et Jacques Payet depuis le gîte de Basse Vallée","","Bon","Difficile","10.9 km","4h","720 m"
"Sud","Le tour de la Forêt de J. Payet depuis le village de Jacques Payet","","Bon","Difficile","12.6 km","5h30","900 m"
"Sud","De Mare Longue au Tremblet par le sentier littoral","","Bon","Moyen","13.4 km","5h","160 m"
"Sud","Le circuit de la Pointe de la Table et des coulées de 1986","","Excellent","Facile","5.8 km","2h","40 m"
"Sud","La boucle de Matouta par le  Gîte de Basse Vallée","","Bon","Moyen","11.8 km","4h","530 m"
"Sud","La boucle de Mare Longue à Basse Vallée par la RF des Camphriers","","Bon","Difficile","18.7 km","5h30","720 m"
"Sud","Le sentier de la Caverne Gendarme","","Bon","Facile","2.2 km","2h","100 m"
"Sud","De Saint-Philippe à La Porte par le sentier des pêcheurs","","Bon","Moyen","8.7 km","5h30","100 m"
"Sud","La nouvelle plage du Tremblet et la remontée de la coulée de 2007","","Moyen","Difficile","5.2 km","2h18","200 m"
"Sud","La forêt primaire du Volcan Sud autour de la Source Mirandon","","Moyen","Difficile","11.1 km","9h","1050 m"
"Sud","Le gouffre dans le Brûlé du Baril depuis le gîte de Basse Vallée","","Moyen","Difficile","7.6 km","4h30","720 m"
"Sud","Du Baril au Gîte de Théophane et Yoleine par un itinéraire privé","","Excellent","Facile","12.2 km","3h30","700 m"
"Sud","Le tour de Saint Philippe par le Chemin de Ceinture et le littoral","","Excellent","Moyen","17 km","4h30","340 m"
"Sud","Du Souffleur d'Arbonne à la RF des Camphriers par le sentier botanique","","Excellent","Moyen","16 km","4h30","580 m"
"Sud","Le tunnel de lave de Citrons Galets au Tremblet","","Bon","Difficile","1.2 km","2h","140 m"
"Sud","La boucle du Cap Mascarin au Baril, par le Cap Méchant","","Bon","Facile","6.3 km","2h","50 m"
"Sud","La Source Repiquet par la Vallée Heureuse","","Moyen","Moyen","14.5 km","4h","700 m"
"Sud","Le tour de Takamaka par la RF de Takamaka, le littoral et la Pointe de la Table","","Excellent","Moyen","12 km","4h","320 m"
"Sud","Une boucle du Baril à Mare Longue autour du Souffleur d'Arbonne","","Excellent","Facile","9.2 km","2h30","150 m"
"Sud","Du Baril au Gîte du Pas de Bellecombe par les Puys Ramond","","Excellent","Difficile","23 km","8h30","2400 m"
"Sud","Le tour de la Vallée Heureuse par les Puys Ramond et le Piton de Bois Vert","","Bon","Difficile","22 km","9h","1800 m"
"Sud","Le sentier botanique de Mare Longue à Saint-Philippe","","Excellent","Facile","4.3 km","1h30","210 m"
"Sud","Le Tour de Grand Pays par la Ravine de Grand Sable et le piton 1262","","Moyen","Très difficile","9.4 km","6h","700 m"
"Sud","De l'arche naturelle au Bras d'Ouvrange par les îlets oubliés de Cap Blanc","","Bon","Difficile","8.4 km","4h30","420 m"
"Sud","Le grand tour du Morne Langevin depuis Grand Galet et par Grand Coude","","Bon","Très difficile","25.5 km","9h30","2000 m"
"Sud","Remontée de la Ravine des Sept Bras en rive gauche depuis Grand Galet","","Moyen","Difficile","10.7 km","5h30","780 m"
"Sud","Une balade autour de la Ravine des Sept Bras depuis Grand Galet","","Excellent","Facile","6.2 km","2h","270 m"
"Sud","De Grand Galet à la Source du Cap Blanc par le Bras des Mousses","","Moyen","Très difficile","11.2 km","8h","980 m"
"Sud","De Grand Galet à la Plaine des Sables par Cap Blanc,  Grand Pays et la Grande Ravine","","Bon","Difficile","23 km","9h","1850 m"
"Sud","Le tour de Grand Fond depuis Grand Galet par le Chemin de la Croizure et le Bérénice","","Bon","Moyen","9.2 km","4h","790 m"
"Sud","Le sentier du Curcuma et l'aire du Rond à la Plaine des Grègues","","Excellent","Moyen","5.3 km","1h45","260 m"
"Sud","Une boucle autour du Piton de la Ligne des Mille à la Plaine des Grègues","","Excellent","Moyen","9.7 km","3h30","550 m"
"Sud","La Boucle des Margosiers à la Plaine des Grègues","","Excellent","Difficile","11 km","5h","900 m"
"Volcan","Du Pas de Bellecombe au Cratère Kapor","","Excellent","Facile","7.9 km","2h45","280 m"
"Volcan","Le tour du Cratère Dolomieu depuis le Pas de Bellecombe","","Moyen","Difficile","12.6 km","5h","700 m"
"Volcan","Le Piton de la Fournaise depuis le Pas de Bellecombe (circuit 2018)","","Excellent","Moyen","12.3 km","5h","500 m"
"Volcan","Du Pas de Bellecombe au Château Fort par les Cratères Rivals","","Danger","Moyen","14.2 km","5h30","500 m"
"Volcan","Le tour du Piton de la Fournaise par le Chateau Fort et le Kapor","","Moyen","Très difficile","17 km","8h30","650 m"
"Volcan","De la Plaine des Sables au Fond de la Rivière de l'Est par la Rampe Quatorze","","Moyen","Très difficile","8.3 km","4h30","440 m"
"Volcan","25 curiosités géologiques jusqu'à l'arche naturelle de la Plaine des Sables","","Bon","Moyen","13.7 km","5h30","200 m"
"Volcan","Trois pitons de La Plaine des Sables depuis le Pas des Sables","","Bon","Moyen","10.2 km","3h30","340 m"
"Volcan","Du Piton des Feux de Manzac au Piton de Sauvetage en hors sentier","","Bon","Difficile","12.4 km","7h30","400 m"
"Volcan","Du Tremblet au Piton du Tremblet par les coulées de 2007","","Bon","Difficile","7.9 km","4h30","550 m"
"Volcan","Une boucle vers le Brisant par la descente de la coulée de 2007","","Bon","Facile","5.3 km","2h15","200 m"
"Volcan","Une boucle au Quai de la Vierge par les deux coulées de 2002","","Bon","Moyen","6.4 km","3h","240 m"
"Volcan","De la Vierge au Parasol au Tremblet par le Sentier des Laves","","Bon","Moyen","12.5 km","4h30","260 m"
"Volcan","Le tour du Piton Chisny depuis les Gendarmes","","Bon","Facile","3.4 km","1h30","140 m"
"Volcan","Le grand tour de la Plaine des Sables par le Piton Rouge et  l'Oratoire Sainte-Thérèse","","Faible","Très difficile","16 km","5h30","350 m"
"Volcan","Le tour du Plateau des Basaltes depuis la Plaine des Sables","","Bon","Difficile","10.8 km","4h","380 m"
"Volcan","De Bois Ozoux au Rempart des Basaltes, retour par la piste cavalière","","Excellent","Facile","4.6 km","1h30","150 m"
"Volcan","Du Pas de Bellecombe au Piton Rouge par le sentier de bord","","Bon","Facile","7.7 km","2h","130 m"
"Volcan","Du Morne Langevin au Puy du Pas des Sables par la Caverne de Cotte","","Moyen","Difficile","13.8 km","4h30","280 m"
"Volcan","Du Piton de Sable au Piton des Treize Cantons par le Grand Bras Piton","","Bon","Moyen","9.8 km","4h30","460 m"
"Volcan","Le tour de la Plaine des Sables au plus plat en hors sentier près du rempart","","Excellent","Facile","9.8 km","3h","130 m"
"Volcan","La boucle des Dix Cratères en hors sentier autour de la Plaine des Remparts","","Moyen","Difficile","19.4 km","9h30","820 m"
"Volcan","La boucle du Grand Cap au Brisant par le Sentier des Laves","","Bon","Moyen","6.2 km","2h30","140 m"
"Volcan","La boucle du Piton Haüy au Piton du Rond de Langevin  par les Cratères Aubert de la Rue","","Moyen","Difficile","12.7 km","5h","320 m"
"Volcan","Du Pas des Sables au Morne Langevin","","Excellent","Facile","7 km","2h15","130 m"
"Volcan","La montée au Piton Chisny depuis la RF du Vocan","","Excellent","Très facile","2 km","1h","100 m"
"Volcan","Le Piton Rouge par le Rempart des Basaltes et la Ravine Saucisson","","Faible","Très difficile","12.5 km","8h","620 m"
"Volcan","Du Pas de Bellecombe au Nez Coupé de Sainte Rose","","Bon","Moyen","10 km","3h30","380 m"
"Volcan","Du Pas de Bellecombe au Piton de Partage, retour par la piste","","Excellent","Facile","4.8 km","1h30","150 m"
"Volcan","Une boucle au Volcan par le Sentier de Découverte","","Excellent","Très facile","5.3 km","2h","220 m"
"Volcan","Cassé de la Rivière de l'Est depuis le Pas de Bellecombe  et par le Nez Coupé de Sainte-Rose","","Moyen","Difficile","17.5 km","7h","750 m"
"Volcan","Le Piton Rouge et le Piton Rond dans le Fond de la Rivière de l'Est depuis le Gîte du Volcan","","Moyen","Difficile","16 km","6h30","580 m"
"Volcan","La boucle de la Ravine Haüy, Ravine Coco et du Piton Coco","","Moyen","Difficile","16.4 km","5h","620 m"
"Volcan","Du Piton de Bert au Pas de Bellecombre par l'Enclos Fouqué","","Faible","Très difficile","18.1 km","6h30","400 m"
"Volcan","Du Piton Chisny aux Puys Ramond par le Piton de l'Eau","","Bon","Difficile","22 km","8h30","540 m"
"Volcan","La grotte de la Ravine la Source depuis la Plaine des Sables","","Faible","Très difficile","15.6 km","4h30","440 m"
"Volcan","De la Plaine des Sables au Piton de Bert","","Excellent","Moyen","13 km","3h30","140 m"
"Volcan","Le Nez Coupé du Tremblet depuis la Plaine des Sables","","Excellent","Moyen","21 km","6h30","500 m"
"Ailleurs","Du Bras Crochet à la Ravine Bananes par le Bras de Saint-Paul","","Bon","Difficile","10.4 km","7h30","650 m"
"Ailleurs","Le tour du Piton Fougères par la Piste des Camélias  et la Ligne des Eucalyptus","","Faible","Facile","5.4 km","1h30","200 m"
"Ailleurs","Du Plate au Tévelave par la passerelle de la Ravine des Avirons","","Faible","Difficile","11.8 km","5h","620 m"
"Ailleurs","De l'Îlet Cambour à l'Îlet Flamand depuis Sans Souci","","Danger","Très difficile","17 km","7h","700 m"
"Ailleurs","De l'Observatoire des Makes à la Ravine du Saut de la Vierge","","Faible","Très facile","3 km","1h","140 m"
"Ailleurs","De l'Ancienne Cité du Pk12 à la Grande Ravine","","Faible","Difficile","3.4 km","3h30","450 m"
"Ailleurs","Les cascades et l'Îlet du Bas des Salazes avec retour par le GRR1","","Faible","Difficile","4.1 km","4h","420 m"
"Ailleurs","A la recherche de l'Îlet Bleu entre Petit Serré et Tapage","","Danger","Très difficile","2.4 km","4h","400 m"
"Ailleurs","Une boucle à Palmiste Rouge par le Bassin Ti Chien et la Cascade Bras Rouge","","Excellent","Moyen","2.9 km","1h15","180 m"
"Ailleurs","La pierre gravée du Tapcal depuis l'Îlet à Cordes et le Bras l'Eustache","","Bon","Très difficile","7.9 km","5h30","930 m"
"Ailleurs","La montée au Piton Morel et la descente aux cascades du Bras des Calumets","","Excellent","Moyen","5.2 km","2h","420 m"
"Ailleurs","La boucle de la Ravine Divon depuis la Route Forestière des Tamarins","","Danger","Difficile","3.4 km","2h15","210 m"
"Ailleurs","Une incursion en forêt primaire de l'Îlet Patience vers le Bras d'Annette","","Faible","Difficile","8 km","4h","550 m"
"Ailleurs","De la Plaine des Grègues à Grand Galet par le Corymbis,  le Bérénice et le Sentier de l'Îlet Dimitile","","Faible","Très difficile","23.3 km","10h","2020 m"
"Ailleurs","Deux circuits difficiles depuis le Piton Vincendo par Terre Rouge","","Faible","Difficile","7.5 km","3h30","250 m"
"Ailleurs","La boucle du Sentier Bras Plat à la route forestière des Camphriers","","Danger","Moyen","11.2 km","3h","350 m"